Bug_ID	Project	Notes	Duplicate_Bug_IDs	BIC	BFC	BIC_CodeReview	BIC_IntroducingIssue	BIC_Files	BIC_Files_ManualMatch	BIC_BUG_ML	BIC_II_ML	BIC_OtherIssues	CGC	CG_CodeReview	CG_IntroducingIssue	CG_OtherIssues	CG_II_ML
Elastic Search 1134	elasticsearch		[]	61ad8b614a94dabf8a263cf1edd35faa50ede36d	cbb1c35f94a36e8871301fce435d516db3cd4256	[]	[1104]	[ modules/elasticsearch/src/main/java/org/elasticsearch/common/network/NetworkService.java ]	{}	[]	[]	[]	10660d390d760cde78fb115107c04e1cf104a4da	[]	[]	[]	[]
Elastic Search 1154	elasticsearch		[]	b3337c312765e51cec7bde5883bbc0a08f56fb65	31ea01bbc68f64cd7787b97479cb5deba1b529b9	[]	[]	[ modules/elasticsearch/src/main/java/org/elasticsearch/action/search/SearchOperationThreading.java, modules/elasticsearch/src/main/java/org/elasticsearch/rest/action/search/RestSearchAction.java, modules/elasticsearch/src/main/java/org/elasticsearch/rest/action/search/RestSearchScrollAction.java ]	{ "modules/elasticsearch/src/main/java/org/elasticsearch/action/search/SearchOperationThreading.java": "modules/elasticsearch/src/main/java/org/elasticsearch/action/search/SearchOperationThreading.java", "modules/elasticsearch/src/main/java/org/elasticsearch/rest/action/search/RestSearchAction.java": null, "modules/elasticsearch/src/main/java/org/elasticsearch/rest/action/search/RestSearchScrollAction.java": null }	[]	[]	[]	7a38e384c9ff783f17e9db92a730bdf654dbda6b	[]	[]	[]	[]
Elastic Search 1162	elasticsearch		[]	d4547c629f53ad76ea463dc0acb1f26f0a2b784b	b70694ce631d7b55be6edd7b9049237456a6e4b4	[]	[]	[ modules/elasticsearch/src/main/java/org/elasticsearch/cluster/metadata/MetaDataUpdateSettingsService.java ]	{}	[]	[]	[]	e5b041c8efd408fdc71fd2f2c84439e5a4985244	[]	[]	[]	[]
Elastic Search 12193	elasticsearch		[]	15a62448343fd24f8e63f43b1e4b16f50005e4a5	2ea45fd753b89c12431dab08c4827835c616cc1b	[]	[]	[ core/pom.xml ]	{}	[]	[]	[]	e88535a67e9594f3135465b5021ba9b502fef950	[]	[]	[]	[]
Elastic Search 1380	elasticsearch		[]	adc3dc0e994ababa7917c81a61cc93f4690060d4	bd87f8de3ac84eb408d5ada0976664545c9228a0	[]	[873]	[ modules/elasticsearch/src/main/java/org/elasticsearch/search/highlight/HighlightPhase.java ]	{}	[]	[]	[]	16a046f686c26309ee0041df8987a4d2ffedd956	[]	[]	[]	[]
Elastic Search 14782	elasticsearch	10217 is a issue related to the BIC	[]	904cbf53409ae62bb67cd07c31ef88121cff9361	9e4a0cba0b6a9a936b6e2ff1579f864b84b8bc26	[13788, 12943, 12694, 12527]	[12527]	[ core/src/main/java/org/elasticsearch/index/mapper/MappedFieldType.java ]	{}	[]	[]	[10217]	a75adaaaaaa632c036464da8fa24770796f77852	[]	[]	[]	[]
Elastic Search 15858	elasticsearch		[]	0cde90fcb10c93c56d5f7d6c9228002ffdff1fec	12df1e7a6f096e22009f057359cb49e943af4943	[]	[1420]	[ core/src/main/java/org/elasticsearch/common/lucene/search/Queries.java ]	{ "core/src/main/java/org/elasticsearch/common/lucene/search/Queries.java": "modules/elasticsearch/src/main/java/org/elasticsearch/common/lucene/search/Queries.java" }	[]	[]	[]	4088236cf75b793c7a2a80f5f7be5b326b607378	[1258]	[1368]	[]	[]
Elastic Search 16246	elasticsearch		[]	57d697125225d694376287eda7e644108ccbebda	15567506b28cbd4d16cea8cc5d57b4d1cdfb59d8	[15283, 15564, 16049]	[15036]	[ core/src/main/java/org/elasticsearch/ingest/core/IngestDocument.java ]	{ "core/src/main/java/org/elasticsearch/ingest/core/IngestDocument.java": "plugins/ingest/src/main/java/org/elasticsearch/ingest/IngestDocument.java" }	[]	[]	[]	7caee2fa4d918d4c6978bcf986a158d03bf7db2a	[14899, 15336]	[]	[]	[]
Elastic Search 1626	elasticsearch		[]	4180a7f73ab4d32f001a1d0bdc17aebd3073be76	a1a30226caaef4667cb7d85a4702ecf6a6bb0703	[]	[]	[ src/main/java/org/elasticsearch/cluster/routing/RoutingNode.java,  src/main/java/org/elasticsearch/cluster/routing/RoutingNodes.java, Src/main/java/org/elasticsearch/cluster/routing/allocation/AllocationService.java ]	{ "src/main/java/org/elasticsearch/cluster/routing/RoutingNode.java": "modules/elasticsearch/src/main/java/org/elasticsearch/cluster/routing/RoutingNode.java", "src/main/java/org/elasticsearch/cluster/routing/RoutingNodes.java": "modules/elasticsearch/src/main/java/org/elasticsearch/cluster/routing/RoutingNodes.java", "src/main/java/org/elasticsearch/cluster/routing/allocation/AllocationService.java": "modules/elasticsearch/src/main/java/org/elasticsearch/cluster/routing/allocation/AllocationService.java" }	[]	[]	[]	1f30681a84fcafe9cf6e6b8a2801ea1791b9edc0	[]	[]	[]	[]
Elastic Search 16790	elasticsearch		[]	1e209e3802a693414a18bfddbb917044c50e5a6a	4c6cf7ee88bc75a161e3752014071d4f9ab8d8d5	[12801]	[12479]	[ distribution/src/main/resources/bin/elasticsearch-plugin, distribution/src/main/resources/bin/elasticsearch-plugin.bat ]	{ "distribution/src/main/resources/bin/elasticsearch-plugin": "distribution/src/main/resources/bin/plugin", "distribution/src/main/resources/bin/elasticsearch-plugin.bat": "distribution/src/main/resources/bin/plugin.bat" }	[]	[]	[]	093791e82dfe7c3e16ddb1f199fede2cf86b6797	[13704]	[]	[]	[]
Elastic Search 1725	elasticsearch		[]	bd6b89f7cab39acf5cd2b3d5b33adbcddf69c0d1	31b793591ea4dd4c60088d9185fb66a3f7ae293e	[]	[181]	[ src/main/java/org/apache/lucene/search/DeletionAwareConstantScoreQuery.java, src/main/java/org/elasticsearch/common/lucene/search/NotDeletedFilter.java ]	{ "src/main/java/org/apache/lucene/search/DeletionAwareConstantScoreQuery.java": "modules/elasticsearch/src/main/java/org/apache/lucene/search/DeletionAwareConstantScoreQuery.java", "src/main/java/org/elasticsearch/common/lucene/search/NotDeletedFilter.java": "modules/elasticsearch/src/main/java/org/apache/lucene/search/DeletionAwareConstantScoreQuery.java" }	[]	[]	[]	3d310406b71973e82f94f60b8dab0c90729a579a	[]	[]	[]	[]
Elastic Search 1814	elasticsearch		[]	14237317fce4e365aa2e0a88ef59bafd43e73e4e	a76d914cfa4c4ff2a866b8f1539c5cb3ef48afbb	[]	[]	[ src/main/java/org/elasticsearch/search/internal/InternalSearchHit.java ]	{ "src/main/java/org/elasticsearch/search/internal/InternalSearchHit.java": "modules/elasticsearch/src/main/java/org/elasticsearch/search/internal/InternalSearchHit.java" }	[]	[]	[]	b31b0e979c616251ed75b18a87193bd76b75eff3	[]	[362]	[]	[]
Elastic Search 1948	elasticsearch		[]	3b967040da249ce58e848e7c00dad11b42eb3c9f	0c732b8bf30e8cd68a6b00cac7ff156c3d19ade1	[]	[725]	[ src/main/java/org/elasticsearch/index/percolator/PercolatorExecutor.java ]	{ "src/main/java/org/elasticsearch/index/percolator/PercolatorExecutor.java": "modules/elasticsearch/src/main/java/org/elasticsearch/index/percolator/PercolatorExecutor.java" }	[]	[]	[]	8587f1611912c6633b72909939e91d226575dd90	[639]	[]	[]	[]
Elastic Search 1960	elasticsearch		[]	ebd6316db9be1ef69ddc0a929bb225ec6d9b7ed6	be01e8fe19c822fe30ba1cff4d9e96c3f567e4c7	[]	[540]	[ src/main/java/org/elasticsearch/cluster/metadata/IndexMetaData.java, src/main/java/org/elasticsearch/cluster/metadata/IndexTemplateMetaData.java, src/main/java/org/elasticsearch/cluster/metadata/MetaData.java, src/main/java/org/elasticsearch/common/settings/loader/SettingsLoader.java, src/main/java/org/elasticsearch/common/settings/loader/YamlSettingsLoader.java ]	{ "src/main/java/org/elasticsearch/cluster/metadata/IndexMetaData.java": "src/main/java/org/elasticsearch/cluster/metadata/IndexMetaData.java", "src/main/java/org/elasticsearch/cluster/metadata/IndexTemplateMetaData.java": "src/main/java/org/elasticsearch/cluster/metadata/IndexTemplateMetaData.java", "src/main/java/org/elasticsearch/cluster/metadata/MetaData.java": "src/main/java/org/elasticsearch/cluster/metadata/MetaData.java", "src/main/java/org/elasticsearch/common/settings/loader/SettingsLoader.java": "modules/elasticsearch/src/main/java/org/elasticsearch/cluster/metadata/IndexTemplateMetaData.java", "src/main/java/org/elasticsearch/common/settings/loader/YamlSettingsLoader.java": "modules/elasticsearch/src/main/java/org/elasticsearch/cluster/metadata/IndexTemplateMetaData.java" }	[]	[]	[]	103221e58a85dc5d133cc70af898102735c4375f	[]	[]	[]	[]
Elastic Search 200	elasticsearch		[]	cb0d7d4735665fa8ca1b59555a06354859c0045a	a7ad295f63aaf3b6073cbbe6d0ca684031b84aab	[]	[]	[ modules/elasticsearch/src/main/java/org/elasticsearch/discovery/zen/ZenDiscovery.java, modules/elasticsearch/src/main/java/org/elasticsearch/discovery/zen/fd/MasterFaultDetection.java, modules/elasticsearch/src/main/java/org/elasticsearch/discovery/zen/fd/NodesFaultDetection.java ]	{}	[]	[]	[]	2ea7423f3ac68578a81d92f50b6484cf1db2203d	[]	[]	[]	[]
Elastic Search 2566	elasticsearch		[]	2442e1fb162a224ab46c4adb40a74b278e3c51e1	d6b613ac8c6e3ddee6d8e1604db208721f03cb75	[]	[]	[ src/main/java/org/apache/lucene/queryparser/classic/MapperQueryParser.java ]	{ "src/main/java/org/apache/lucene/queryparser/classic/MapperQueryParser.java": "modules/elasticsearch/src/main/java/org/apache/lucene/queryParser/MapperQueryParser.java" }	[]	[]	[]	aa68667d636d61b0cc67810e1e2489d1246e9af6	[]	[]	[]	[]
Elastic Search 2608	elasticsearch		[]	167d35807c5ce4b8e10228180dcf58b14f3ce826	20ce01bd53cc3f0d6bcb52554f89fb98ce00bd4c	[]	[557]	[ src/main/java/org/elasticsearch/index/query/TermsQueryParser.java ]	{ "src/main/java/org/elasticsearch/index/query/TermsQueryParser.java": "modules/elasticsearch/src/main/java/org/elasticsearch/index/query/xcontent/TermsQueryParser.java" }	[]	[]	[]	8285ffe22175bf4592e79bb881a6451741ccdac8	[]	[]	[]	[]
Elastic Search 2991	elasticsearch		[]	7397007e05ed361805ecc3c2752e1472062c918f	29da615afd83d198911f839565257dd03c7fcf39	[]	[]	[ src/main/java/org/elasticsearch/index/fielddata/fieldcomparator/BytesRefOrdValComparator.java ]	{}	[]	[]	[]	bc20f068c9c62b69260f3b24adaaf9fb3ff3d371	[]	[2604]	[]	[]
Elastic Search 3242	elasticsearch		[]	05e0b4d4e0226592e741166b0d3fa271725df2f3	42b3f06a32844ade7fdf21e48f5e7e5800c31670	[1065]	[]	[ src/main/java/org/elasticsearch/index/search/shape/ShapeFetchService.java ]	{}	[]	[]	[]	4f5e62e9882b36271280ad4e47e61aba2d7669f1	[1065]	[]	[]	[]
Elastic Search 3267	elasticsearch		[]	9bf686ef624246c3b9e1e66242ad2f8d189bb94b	7790d2bf6578825924446013caba183fae6ba92b	[]	[1068]	[ src/main/java/org/elasticsearch/action/get/TransportMultiGetAction.java ]	{ "src/main/java/org/elasticsearch/action/get/TransportMultiGetAction.java": "modules/elasticsearch/src/main/java/org/elasticsearch/action/get/TransportMultiGetAction.java" }	[]	[]	[]	567cf6b5c3bbc4486b0472c8abe588ab6215637c	[]	[]	[]	[]
Elastic Search 3560	elasticsearch		[]	4930b93c26506e8f063a3b817f0434bd17fca14c	109e2944f2e0cfea948ee77aabb7a022e0146ada	[]	[]	[ src/main/java/org/elasticsearch/action/admin/cluster/settings/TransportClusterUpdateSettingsAction.java ]	{}	[]	[]	[]	a235a5594338789a448742fce19549206dd5b30c	[]	[3410]	[]	[]
Elastic Search 4581	elasticsearch		[]	f444ed4dff95fe49d2a11f8eac287e48c563ce9c	beaa9153a629c0950182e4e8c4f8eedd1c63f49f	[]	[]	[ src/main/java/org/elasticsearch/index/mapper/internal/AllFieldMapper.java ]	{}	[]	[]	[]	22722840d4331a83fcfdd8edea22d372feba16ab	[]	[]	[]	[]
Elastic Search 4814	elasticsearch		[]	4271d573d60f39564c458e2d3fb7c14afb82d4d8	af1513f908d47445a6156573a53c5ad4f463175c	[]	[4557]	[ src/main/java/org/elasticsearch/search/aggregations/bucket/BytesRefHash.java ]	{}	[]	[]	[]	3f1472505723866794d875c00bde575d988e120d	[]	[4782]	[]	[]
Elastic Search 5021	elasticsearch		[]	c7f6c5266d15fefa1a5ce9ae7ffc519c5ff8abbe	e1c11209496173874c2f632028e7d028e730b7e2	[]	[3300]	[ src/main/java/org/elasticsearch/search/aggregations/bucket/BytesRefHash.java, src/main/java/org/elasticsearch/search/aggregations/bucket/terms/StringTerms.java, src/main/java/org/elasticsearch/search/aggregations/bucket/terms/StringTermsAggregator.java ]	{ "src/main/java/org/elasticsearch/search/aggregations/bucket/terms/StringTerms.java": "src/main/java/org/elasticsearch/search/aggregations/bucket/terms/StringTerms.java",  "src/main/java/org/elasticsearch/search/aggregations/bucket/terms/StringTermsAggregator.java": "src/main/java/org/elasticsearch/search/aggregations/bucket/terms/StringTermsAggregator.java", "src/main/java/org/elasticsearch/search/aggregations/bucket/BytesRefHash.java": null }	[]	[]	[]	07443089ce761cdfcf9206ad179381db7249d01a	[]	[]	[]	[]
Elastic Search 5048	elasticsearch		[]	c7f6c5266d15fefa1a5ce9ae7ffc519c5ff8abbe	610694446a2eff51b0550689d7da5988bb6e2f2a	[]	[3300]	[ src/main/java/org/elasticsearch/search/aggregations/AggregatorFactories.java ]	{}	[]	[]	[]	e7e1667a26de5472e3419c586682b92c37c6e7d3	[]	[4508]	[]	[]
Elastic Search 5165	elasticsearch		[]	3ca0239668187c535f36a5da6473d73315f42679	3dec916ef2eb2bdff819969cb3419a126244d72a	[]	[3574]	[ src/main/java/org/elasticsearch/search/SearchService.java, src/main/java/org/elasticsearch/search/internal/DefaultSearchContext.java ]	{}	[]	[]	[]	459d59a04ad4eb1671bac50a6faf3a7ad372d0e4	[]	[]	[]	[]
Elastic Search 5948	elasticsearch		[]	b35ca1aa751efc551f2e33b9d21be27b5e8dd324	aa4dc092da38b2e5b747f74e81699494333d7bca	[]	[4670]	[ src/main/java/org/elasticsearch/rest/action/cat/RestAllocationAction.java ]	{}	[]	[]	[]	8561f897a984807958a543e378ab01349935a739	[]	[]	[]	[]
Elastic Search 7623	elasticsearch		[]	575250e223c31218b13e927e914925299594973d	cb9cf948dfaf8c91625dca9f436feacdc5c2deb9	[]	[]	[ src/main/java/org/elasticsearch/action/search/type/TransportSearchDfsQueryAndFetchAction.java, src/main/java/org/elasticsearch/action/search/type/TransportSearchDfsQueryThenFetchAction.java, src/main/java/org/elasticsearch/action/search/type/TransportSearchQueryAndFetchAction.java, src/main/java/org/elasticsearch/action/search/type/TransportSearchQueryThenFetchAction.java, src/main/java/org/elasticsearch/threadpool/ThreadPool.java ]	{ "src/main/java/org/elasticsearch/action/search/type/TransportSearchDfsQueryAndFetchAction.java": "modules/elasticsearch/src/main/java/org/elasticsearch/action/search/type/TransportSearchDfsQueryAndFetchAction.java", "src/main/java/org/elasticsearch/action/search/type/TransportSearchDfsQueryThenFetchAction.java": "modules/elasticsearch/src/main/java/org/elasticsearch/action/search/type/TransportSearchDfsQueryThenFetchAction.java", "src/main/java/org/elasticsearch/action/search/type/TransportSearchQueryAndFetchAction.java": "modules/elasticsearch/src/main/java/org/elasticsearch/action/search/type/TransportSearchQueryAndFetchAction.java", "src/main/java/org/elasticsearch/action/search/type/TransportSearchQueryThenFetchAction.java": "modules/elasticsearch/src/main/java/org/elasticsearch/action/search/type/TransportSearchQueryThenFetchAction.java", "src/main/java/org/elasticsearch/threadpool/ThreadPool.java": null }	[]	[]	[]	ef85412f98e97ff5471013eab59fd8cb3046c17a	[]	[]	[]	[]
Elastic Search 764	elasticsearch		[]	4c34840627768d1564dd2a73308f8333f7cc6a03	2a0e0b767ad4275dabd7abf4625b6ad5f8a8757	[]	[]	[ modules/elasticsearch/src/main/java/org/elasticsearch/index/mapper/xcontent/DynamicTemplate.java ]	{ "modules/elasticsearch/src/main/java/org/elasticsearch/index/mapper/xcontent/DynamicTemplate.java": "modules/elasticsearch/src/main/java/org/elasticsearch/index/mapper/xcontent/XContentDynamicTemplate.java" }	[]	[]	[]	7180636df6dfe6b18bf738ee2285549ea95a8cb9	[]	[]	[]	[]
Elastic Search 7686	elasticsearch		[]	c3f3c268c8854175a7f0d4cca3ad5fb6901f6e35	9c8beb822079f0c9bdea0df983e8063c4a0f5e8f	[]	[865]	[ src/main/java/org/elasticsearch/index/query/IdsQueryParser.java ]	{ "src/main/java/org/elasticsearch/index/query/IdsQueryParser.java": "modules/elasticsearch/src/main/java/org/elasticsearch/index/query/xcontent/IdsQueryParser.java" }	[]	[]	[]	90a339ad5e4a61e750d0342be6326de46f45bedc	[]	[831]	[]	[]
Elastic Search 8125	elasticsearch		[]	61c21f9a0e148db3e450c87c4690bef173ccc821	d12ae196afd555ce942bf9476b6935267117ade5	[9005]	[6410]	[ src/main/java/org/elasticsearch/action/bulk/TransportBulkAction.java ]	{}	[]	[]	[]	c55341bf515fec6d4135cee8a6e9a7a9764da17f	[]	[]	[]	[]
Elastic Search 8438	elasticsearch		[]	3c9c9f33e2869d801026a966e22cb39ff380db8d	0c9431499671d214d2c64931779a00b50cf7e9c4	[6974]	[6118]	[ src/main/java/org/elasticsearch/search/aggregations/bucket/filter/FilterParser.java, src/main/java/org/elasticsearch/search/aggregations/bucket/filters/FiltersParser.java ]	{ "src/main/java/org/elasticsearch/search/aggregations/bucket/filter/FilterParser.java": null, "src/main/java/org/elasticsearch/search/aggregations/bucket/filters/FiltersParser.java": "src/main/java/org/elasticsearch/search/aggregations/bucket/filters/FiltersParser.java" }	[]	[]	[]	976448e3395609276446e2b8dbeddb046823aa2e	[]	[21]	[]	[]
Elastic Search 8507	elasticsearch		[]	3c142e550d946347d87c6b48d5bc7ef6f99fff0a	a94fb92ac5936e137cee028fc96d73bd7dc3a03d	[]	[6908]	[ src/main/java/org/elasticsearch/index/fielddata/SortingNumericDocValues.java, src/main/java/org/elasticsearch/search/aggregations/bucket/geogrid/GeoHashGridParser.java, src/main/java/org/elasticsearch/search/aggregations/support/ValuesSource.java, src/main/java/org/elasticsearch/search/aggregations/support/values/ScriptLongValues.java ]	{}	[]	[]	[]	91c4824a0f768f2d3e3651958656384d0735a85e	[7067]	[7067]	[]	[]
Elastic Search 8526	elasticsearch		[]	5aa0a8438f69b55de622d2277628914d16ced372	15db5b98d200acf492068dcfbc404997a3f69542	[]	[2778]	[ src/main/java/org/elasticsearch/common/geo/GeoHashUtils.java ]	{}	[]	[]	[]	fc51ebfce8a87252d868d1f160ae740972b8e48a	[]	[]	[]	[]
Elastic Search 8580	elasticsearch		[]	3c142e550d946347d87c6b48d5bc7ef6f99fff0a	d60500f22e9b11ed195c6ced5381ad19f37b8bb4	[]	[6908]	[ src/main/java/org/elasticsearch/index/fielddata/AbstractRandomAccessOrds.java ]	{}	[]	[]	[]	8865e60e936b57feb1a31d23b29ba0b212492766	[6849, 6319]	[6849]	[]	[]
Elastic Search 864	elasticsearch		[]	8f324678e814432d32659bc7e48694759149ae74	ffc8c3b68a775a61924ca0cd01dc8b9b97a96d09	[]	[88]	[ modules/elasticsearch/src/main/java/org/elasticsearch/ElasticSearchIllegalArgumentException.java, modules/elasticsearch/src/main/java/org/elasticsearch/rest/action/admin/indices/alias/RestIndicesAliasesAction.java ]	{ "modules/elasticsearch/src/main/java/org/elasticsearch/ElasticSearchIllegalArgumentException.java": null, "modules/elasticsearch/src/main/java/org/elasticsearch/rest/action/admin/indices/alias/RestIndicesAliasesAction.java": "modules/elasticsearch/src/main/java/org/elasticsearch/rest/action/admin/indices/alias/RestIndicesAliasesAction.java" }	[]	[]	[]	03ee0a942df39c01e5e4f4ecb392a746e3d979af	[]	[]	[]	[]
Elastic Search 8893	elasticsearch		[]	85eb0ea0e718fd9757d1bafa18f8767b1924f00c	7d5a15e461eccf82342dfa7aca7700ee304794ce	[7036]	[4718, 7036]	[ src/main/java/org/elasticsearch/index/mapper/core/AbstractFieldMapper.java, src/main/java/org/elasticsearch/index/mapper/internal/TimestampFieldMapper.java ]	{ "src/main/java/org/elasticsearch/index/mapper/core/AbstractFieldMapper.java": null, "src/main/java/org/elasticsearch/index/mapper/internal/TimestampFieldMapper.java": "src/main/java/org/elasticsearch/index/mapper/internal/TimestampFieldMapper.java" }	[]	[]	[]	4f131dfffbdadf5c5f9c9b7a03f9660233e04f72	[6319]	[]	[]	[]
Elastic Search 9317	elasticsearch		[]	5714b0a7adc96ac7bed92b8b5938d0885c32062a	7ca2ef9b93fc9421e860453de50961e90398f6f4	[]	[8454]	[ src/main/java/org/elasticsearch/search/aggregations/bucket/nested/NestedAggregator.java ]	{}	[]	[]	[]	bb49554c33b310e0e615c12befe8846a7d27c951	[]	[]	[]	[]
NOVA 1294939	nova		[]	542958fac7445a14deaae146b0d4047aa90a2fab	e08ce4de920b68c84ac45be8a657a95113688780	[67338]	[nova-network-objects]	[ nova/network/manager.py ]	{}	[]	[msg13595, msg13502, msg13294, msg13481, msg13482, msg13484, msg13489, msg15244, msg15245, msg18901]	[]	8218a86dedd50301252598667171d17d874bb36d	[70215]	[compute-manager-objects]	[]	[msg11310]
NOVA 1300788	nova		[]	e517e5668ab20214432e06ef87f7b16776edaf7c	98fb5e56ef96c0c6a8754276e5f8c9c0b7e50fed	[31593]	[1186944]	[ nova/virt/vmwareapi/vmops.py ]	{}	[]	[msg01473]	[]	ba1ed8958b6bde0d8b9f5862a83ac7e1a33e8313	[29062]	[]	[]	[]
NOVA 1307791	nova		[]	3dff43356619b4a935a5f395b066e96e8856bb4f	54f4600c82241ad6ae6768d3dcd1e1755dac4ddc	[14805]	[1067214]	[ nova/compute/api.py ]	{}	[]	[]	[]	27a5753dd3766b5535e0248d48c9bb555379dd12	[14806]	[884842]	[]	[]
NOVA 1314677	nova		[]	88ab9369e3ddfd8b8684bf280330ff8d37a74b2b	695191fa89387d96e60120ff32965493c844e7f5	[34464]	[eliminate-clear-passwords-from-cells-table]	[ nova/cells/state.py ]	{}	[]	[]	[]	ae1040232dc681d718d940af11108322044a23be	[40426]	[1208656]	[]	[msg02607, msg02652, msg02954]
NOVA 1336127	nova		[1437516]	2c62e344e26ccba08d5c613a7c4a40a0f076901e	6ddd9f93f82427ce909c7773f7a806361035a0b2	[42389]	[remove-cast-to-schedule-run-instance]	[ nova/compute/manager.py ]	{}	[]	[msg28501, msg28658, msg10106]	[]	90a37c069ede9d9b23ff6faef4ea6e48bbd7ebce	[44239]	[assertequal]	[]	[]
NOVA 1343080	nova	CG Review is on another branch 2232	[]	e7aa4022374fb35d2131a7c633212c5d6302db3d	e516de74c192591e890f4e9586d8e70bb8d9203e	[1324]	[]	[ doc/api_samples/OS-DCF/image-get-resp.json, doc/api_samples/OS-DCF/image-get-resp.xml, doc/api_samples/OS-DCF/image-list-resp.json, doc/api_samples/OS-DCF/image-list-resp.xml, doc/api_samples/OS-EXT-IMG-SIZE/image-get-resp.json, doc/api_samples/OS-EXT-IMG-SIZE/image-get-resp.xml, doc/api_samples/OS-EXT-IMG-SIZE/images-details-get-resp.json, doc/api_samples/OS-EXT-IMG-SIZE/images-details-get-resp.xml, doc/api_samples/image-get-resp.json, doc/api_samples/image-get-resp.xml, doc/api_samples/images-details-get-resp.json, doc/api_samples/images-details-get-resp.xml, doc/api_samples/images-list-get-resp.json, doc/api_samples/images-list-get-resp.xml, doc/v3/api_samples/image-size/image-get-resp.json, doc/v3/api_samples/image-size/images-details-get-resp.json, doc/v3/api_samples/images/image-get-resp.json, doc/v3/api_samples/images/images-details-get-resp.json, doc/v3/api_samples/images/images-list-get-resp.json, doc/v3/api_samples/os-disk-config/image-get-resp.json, doc/v3/api_samples/os-disk-config/image-list-resp.json, nova/api/openstack/compute/views/images.py ]	{ "doc/api_samples/OS-DCF/image-get-resp.json": null, "doc/api_samples/OS-DCF/image-get-resp.xml": null, "doc/api_samples/OS-DCF/image-list-resp.json": null, "doc/api_samples/OS-DCF/image-list-resp.xml": null, "doc/api_samples/OS-EXT-IMG-SIZE/image-get-resp.json": null, "doc/api_samples/OS-EXT-IMG-SIZE/image-get-resp.xml": null, "doc/api_samples/OS-EXT-IMG-SIZE/images-details-get-resp.json": null, "doc/api_samples/OS-EXT-IMG-SIZE/images-details-get-resp.xml": null, "doc/api_samples/image-get-resp.json": null, "doc/api_samples/image-get-resp.xml": null, "doc/api_samples/images-details-get-resp.json": null, "doc/api_samples/images-details-get-resp.xml": null, "doc/api_samples/images-list-get-resp.json": null, "doc/api_samples/images-list-get-resp.xml": null, "doc/v3/api_samples/image-size/image-get-resp.json": null, "doc/v3/api_samples/image-size/images-details-get-resp.json": null, "doc/v3/api_samples/images/image-get-resp.json": null, "doc/v3/api_samples/images/images-details-get-resp.json": null, "doc/v3/api_samples/images/images-list-get-resp.json": null, "doc/v3/api_samples/os-disk-config/image-get-resp.json": null, "doc/v3/api_samples/os-disk-config/image-list-resp.json": null, "nova/api/openstack/compute/views/images.py": "nova/api/openstack/images.py" }	[msg29884, msg29885]	[]	[]	475f3624245500c5382faf5b2708a59fcec2c9ad	[1934, 2232]	[897155]	[]	[]
NOVA 1367363	nova		[]	0fcbb7b286888d642d329db1299eb9f3708d1f50	5f93c841a80663b68da2fb04df78d5acd0754d68	[53069]	[1243083]	[ nova/virt/libvirt/driver.py ]	{}	[]	[]	[]	6ed6be8435284daf39ef1b8323e213c7885852c6	[63178]	[icehouse-objects]	[]	[]
NOVA 1370177	nova	Both icehouse-objects and clean-up-legacy-block-device-mapping are equally introducing for BIC	[1470834]	33e3d4c6b9e0b11500fe47d861110be1c1981572	a7de013891da5afd43c2aa2dd6dad61048799230	[59034]	[icehouse-objects, clean-up-legacy-block-device-mapping]	[ nova/block_device.py ]	{}	[msg53958, msg54057, msg54311]	[msg18407, msg18410, msg18411, msg18425]	[]	6982d8534d78d9732fc8d6e05c8f3bb432d62264	[65042]	[aggregate-api-policy]	[]	[]
NOVA 1370590	nova		[1387539]	7326bac8f9564bd96bbf69afe43cf3a876468c9c	de62c0d8361bf9dae16a8ff1672229fee1c15e5e	[74537]	[libvirt-start-lxc-from-block-devices]	[ nova/virt/libvirt/driver.py ]	{}	[msg61340, msg61365]	[msg34055, msg34056, msg34156, msg34124]	[]	e65a43837e9ccad8ca34da4d29824df591c685fe	[119446]	[]	[]	[]
NOVA 1371677	nova		[1372369, 1448333]	5fa74bc0b2ab6fe5149a9b684b4beadb67877622	833357301bc80a27422f7bf081fae2d3da730a24	[40467]	[lvm-ephemeral-storage-encryption]	[ nova/virt/libvirt/driver.py ]	{}	[]	[msg34126, msg34251, msg34261, msg34266, msg34336, msg34091, msg34100, msg34102, msg34125]	[]	9340f6db7961824aabdf73cecf5e19892ce01c03	[107602]	[]	[]	[]
NOVA 1375379	nova		[]	e71e8c2a8902acb59dc95e4ea3521e09ae50aa7d	4f0547d4978172e29eb328bceb404335da1b9e0a	[18864]	[libvirt-spice]	[ nova/console/websocketproxy.py ]	{}	[]	[msg114649]	[]	f2baacd4e634b815fe011ced0d6e46f6c06b7fdd	[19679]	[]	[]	[]
NOVA 1381468	nova		[]	30871e8702737edbbfbcbbb5f21858873b37685c	fdcf358eaeef6edb5c8d2dcc94f906a22882544a	[124714]	[1373993]	[ nova/scheduler/filters/trusted_filter.py ]	{}	[]	[]	[]	583d12f4fae620719b893cb7f9fbfc461ec8a124	[123682]	[]	[]	[]
NOVA 1392798	nova		[]	a9d0313cc7d36a9e5e60aa7710b9ce8ec2f37f19	2aea3a3d54cbe0dc9ce2b8c504818baeb1542677	[22897]	[1131588]	[ nova/compute/manager.py ]	{}	[]	[]	[]	1b32ed31425a0332ab16f5b5f6c08a20eafe7963	[19457]	[]	[]	[]
NOVA 1402535	nova		[]	933365a583daa5b9eabcf2397c3e7b803e7af74c	2833f8c08fcfb7961b3c64b285ceff958bf5a05e	[17946]	[]	[ nova/virt/libvirt/volume.py ]	{}	[]	[]	[]	2d0578c539d000981e50ba0c143385974d10e2e2	[24363]	[1148734]	[]	[]
NOVA 1402728	nova		[]	2bcda65d512f38902514e986883d9b36f4d85c33	1b2aa11758fd52acdec0289777d276303555903b	[107009]	[]	[ nova/virt/vmwareapi/vm_util.py, nova/virt/vmwareapi/vmops.py ]	{}	[]	[]	[]	990561227d1cdadc1ae91fdcc74286a47f0ddf2c	[120675]	[pci-passthrough-sriov]	[]	[msg14433, msg14469, msg14497, msg14851, msg14969, msg14975, msg15022, msg15036, msg15028, msg15031, msg15064, msg15032, msg15040, msg15065, msg15111, msg15116, msg15170, msg15030, msg15034, msg15039, msg06339, msg07005, msg07188, msg07206, msg07187, msg07207, msg07210, msg07217, msg07241, msg07282, msg07329, msg07331, msg07381, msg07238, msg07289, msg07240, msg07247, msg07290, msg07301, msg07303, msg07311, msg07318, msg53501, msg16161, msg16230, msg16225, msg16162, msg34075, msg34090, msg34099, msg34248, msg34255, msg18311, msg18344, msg18354, msg18368, msg18397, msg18401, msg18377, msg26821, msg33893, msg15634, msg15735, msg15810, msg27791]
NOVA 1403544	nova		[]	6956057ac490c788cb94fbfd0af7fe6e91a7ca96	2ad3009f3595e701a866f265263ca3a0a8ef09dc	[]	[]	[ nova/compute/api.py ]	{}	[]	[]	[]	27d89c2d425aefcd32549b08e3cff8b132d3e75b	[]	[]	[]	[]
NOVA 1419002	nova		[]	2ef03c6a0a8c5705249c3b5be755e0a13ca39332	b838ca28e0ffda21b298a4514a647fc74c154f4a	[]	[]	[ nova/virt/libvirt/driver.py, nova/compute/utils.py ]	{ "nova/virt/libvirt/driver.py": null, "nova/compute/utils.py": null }	[]	[]	[]	1e4024b72218a07d1e535878337547cf16406dd8	[]	[]	[]	[]
NOVA 1424647	nova		[1425178]	d2cbb9adeaddefc00db430644e0d51b11ffb7600	8f060f07c7eeb1d1356f0ce6c0e1ca6ec4ec0b96	[119396]	[]	[ nova/cmd/baseproxy.py, nova/cmd/novncproxy.py, nova/cmd/serialproxy.py, nova/cmd/spicehtml5proxy.py ]	{}	[]	[]	[]	5ee83244f40f3d3c29bf47c5d86952bf53de1684	[136717]	[]	[]	[]
NOVA 1434855	nova		[]	abc656d3d549c555cf7c94d0ae0e5d50768bd366	ae3c63502096b9e16bd02f356286e396e4abb0de	[155853]	[ec2-api]	[ doc/v3/api_samples/os-extended-volumes/v2.3/server-get-resp.json, doc/v3/api_samples/os-extended-volumes/v2.3/servers-detail-resp.json ]	{}	[]	[msg44548, msg44549, msg44573, msg44627, msg44781, msg44802, msg44808, msg44769, msg44782, msg44834, msg44858, msg44861, msg44863, msg44870, msg44937, msg44987, msg44989, msg45244, msg44704, msg44706, msg44707, msg44708, msg44711, msg44779, msg44732, msg44762, msg44764, msg44765, msg44766, msg44836, msg44847, msg44849, msg45199, msg44771, msg44789, msg44790, msg44801, msg44807, msg44821, msg44851, msg44862, msg44872, msg44875, msg44883, msg44886, msg44890, msg44888, msg44905, msg44864, msg44887, msg44921, msg44923, msg44924, msg45193, msg45195, msg45203, msg45294, msg45296, msg45297, msg45324, msg45418, msg45431, msg45480, msg45502, msg45560, msg44141]	[]	73515209cf09821a2fc922e1ae2c97650802fab4	[155678]	[v3-api-policy]	[]	[msg09183, msg51155, msg51212, msg51213, msg51240, msg51248, msg51552, msg45356, msg45386, msg45388]
NOVA 1437855	nova		[]	1b2c121f133b15d0fe3f6ebdb131ac9998bc4b83	c5dfd2c3ef773b29666fae3fe75bf7548044dbf5	[26113]	[multi-nic-floating-ip-assignment]	[ nova/api/openstack/compute/contrib/floating_ips.py, nova/api/openstack/compute/plugins/v3/floating_ips.py ]	{ "nova/api/openstack/compute/contrib/floating_ips.py": "nova/api/openstack/compute/contrib/floating_ips.py", "nova/api/openstack/compute/plugins/v3/floating_ips.py": null }	[]	[]	[ec2-api]	7cef50ad800274cad3d07240cc468d038ce4031b	[28774]	[]	[]	[]
NOVA 1438331	nova		[]	13e2bd02a5b50973f95eb3d8fc0af4e0702e3381	a37bc78ed57aeabbb87b26f77fd785db3ee6a9ba	[94294]	[1346092]	[ nova/virt/libvirt/rbd_utils.py ]	{ "nova/virt/libvirt/rbd_utils.py": "nova/virt/libvirt/rbd.py" }	[]	[]	[]	5876827d92bad3c408651184d9fea835639d8db8	[113741]	[compute-manager-objects-juno]	[]	[msg32281, msg32283]
NOVA 1441000	nova		[]	7dd6a4a19311136c02d89cd2afd97236b0f4cc27	3946cfd900b18917fccdc7330bc4f070d7abd81d	[151664]	[1414065]	[ nova/virt/libvirt/driver.py ]	{}	[]	[msg49617, msg49781, msg50112, msg44750, msg44840, msg44816, msg44817, msg44841, msg44857]	[]	f90885bacba3728dc9a35e99eecef37a37b881e2	[132231]	[]	[]	[]
NOVA 1443697	nova	1407438, 1407050 and 1402784 are equally introducing for BIC	[]	f3f1a53fe2bfe23229867c4a90f6456ac204181f	3a77c7c570acee40100f2fae77ef5b461997b78e	[145007]	[1407438, 1407050, 1402784]	[ nova/virt/vmwareapi/vmops.py ]	{}	[]	[]	[]	98dcd0dc6fe19ab243556874e4f0910e78484e02	[150293]	[v3-api-policy]	[]	[msg09183, msg51155, msg51212, msg51213, msg51240, msg51248, msg51552, msg45356, msg45386, msg45388]
NOVA 1443970	nova		[1456321]	447641972539f1e13923c6ee5d64169f4229b856	f697befdd3a0f9b81ff9a74f55e4460cd3783692	[93754]	[better-support-for-multiple-networks]	[ nova/network/manager.py ]	{}	[msg58950]	[msg31200, msg31205]	[]	995ee643f3291157151d195552232d09d471d8c2	[94811]	[]	[]	[]
NOVA 1447249	nova		[]	1682c5b585835e151845c7f64a6c29bc21c29edc	7471b5a0924c8cb90b94ea122967b422d35d9c69	[144792]	[use-configdrive-with-ironic]	[ nova/virt/ironic/driver.py ]	{}	[]	[]	[use-configdrive-with-ironic]	ce28166dcf25a3d589e6f020b2dfa64705d15126	[142282]	[kilo-objects]	[]	[]
NOVA 1453274	nova		[]	60c90f73261efb8c73ecc02152307c81265cab13	96a2283c1a07f0298c57f57d8c4112c1c33b6128	[102324]	[1333827]	[nova/virt/libvirt/driver.py]	{}	[]	[]	[]	c363dae6a2b878db6801b502cced1fcc6aad2d0c	[109489]	[1348288]	[]	[]
NOVA 1466390	nova	CG Review 32717 is on another branch	[]	501ff418df4c08e52a697772200aa08dd67a4a43	d4d23124a54a62607f710c44a871c0810105729a	[28880]	[instance-group-api-extension]	[ nova/db/sqlalchemy/api.py ]	{}	[]	[msg04418, msg04421, msg04437, msg04504, msg04560, msg04528, msg04561, msg16259, msg16265, msg16267, msg16270, msg16275, msg16268, msg23071, msg04217, msg04234, msg04267, msg04280, msg04292, msg04307, msg04262, msg21193, msg04489, msg05683, msg05684, msg05685, msg05694, msg05755, msg05756, msg05795, msg00770, msg00786, msg00789, msg01139, msg13766]	[]	fa6c2d4def22f0ddd296572d9ce5b3b6f7267e2f	[30201, 32717]	[1180178]	[]	[]
NOVA 1467451	nova		[]	0e02db2980dc4e76ef7949ba4ec131af9fc4a44d	a02deffcfab6cc9a7b0764dd36b8514f6cb1a108	[129235]	[hyper-v-smbfs-volume-support]	[ nova/virt/hyperv/vmutils.py, nova/virt/hyperv/vmutilsv2.py ]	{}	[]	[]	[hyper-v-smbfs-volume-support]	c6088d94bfd11114c94b2bdf7bd51cb4b1989720	[140337]	[]	[]	[]
NOVA 1475356	nova		[]	0eb7e35fbfe5de5f9f00ff1a0cce1d6a61f3a902	7c0e2238eb003ac0c620f4b63fa92baa6675e724	[59560]	[1258256]	[ nova/objects/base.py ]	{}	[]	[]	[]	c1dae06f1e366e7681fbffc776153b3ed3af2618	[64289]	[]	[]	[]
NOVA 1475911	nova		[]	e310985b77d916b1ad7f9ec60a9a0b46364046ac	74e140faf23d07e23c33f707d2278679fbc5bbde	[113545]	[libvirt-lxc-user-namespaces]	[ nova/cmd/idmapshift.py ]	{}	[]	[msg34283, msg34285, msg34300, msg34371, msg34373]	[]	b826fba1cd61f7ddbee091c220eaef7ea5317c1b	[113772]	[]	[]	[]
NOVA 1481078	nova		[]	31f208423405ed50bb5b32977071f917ac3ce26d	20847c25a8157a10b765387ff8dbda31f8f4e91a	[164940]	[1432913]	[ nova/virt/xenapi/vmops.py ]	{}	[]	[]	[]	05120edf92627ff7ad20a928f8b94568031556c9	[175551]	[nova-no-downward-sql-migration]	[]	[]
NOVA 1486541	nova	Both icehouse-objects and clean-up-legacy-block-device-mapping are equally introducing for BIC Both compute-manager-objects and icehouse-objects are equally introducing for CGC commit	[]	f5071bd1ac00ed68102d37c8025d36df6777cd9e	812d75ecb59c3198cf40ae81cfc97a99b5ff1a50	[70747]	[icehouse-objects, clean-up-legacy-block-device-mapping]	[ nova/compute/cells_api.py ]	{ "nova/compute/cells_api.py": null }	[]	[msg18407, msg18410, msg18411, msg18425]	[]	1d551dc96658ade41c8e9fabc6d9b41a28d5ed15	[63612]	[compute-manager-objects, icehouse-objects]	[]	[msg11310]
NOVA 1505471	nova		[]	64e167eb62bd3483b2947ec8de218453c116bd93	5252bba03e43c71f90cb2a657e6a7f396d04be75	[10903]	[]	[ nova/servicegroup/drivers/db.py ]	{ "nova/servicegroup/drivers/db.py": "nova/servicegroup/db_driver.py" }	[]	[]	[]	ac658aa7d0671fb9b5a0a2c504f4b73dff514da9	[17839]	[scope-config-opts]	[]	[msg02715, msg02913]
																	
																	
																	
																	
NOVA 1481164	nova		[]		0ed3f33028b539877abf51b5a36a0f8e5c0a5927	[208796]	[]	[ nova/virt/libvirt/blockinfo.py ]	{}	[]	[]	[]		[]	[]	[]	[]
